{
  "project_info": {
    "project_number": "64395583645",
    "firebase_url": "https://recuuf1.firebaseio.com",
    "project_id": "recuuf1",
    "storage_bucket": "recuuf1.appspot.com"
  },
  "client": [
    {
      "client_info": {
        "mobilesdk_app_id": "1:64395583645:android:3ac127b327201df5",
        "android_client_info": {
          "package_name": "com.marc.app.recuuf1"
        }
      },
      "oauth_client": [
        {
          "client_id": "64395583645-oqqe0qa9gnkhga2ldnsvej1uudi9nrmc.apps.googleusercontent.com",
          "client_type": 1,
          "android_info": {
            "package_name": "com.marc.app.recuuf1",
            "certificate_hash": "da656a239c70b7d0a0a17ae0699267e0b21d6ef0"
          }
        },
        {
          "client_id": "64395583645-hulevm2km9vou5vkgteqjsnu2g8q13bi.apps.googleusercontent.com",
          "client_type": 3
        }
      ],
      "api_key": [
        {
          "current_key": "AIzaSyBPIuGblDhHgb3r-6Bek_nkhczom7KC9DQ"
        }
      ],
      "services": {
        "appinvite_service": {
          "other_platform_oauth_client": [
            {
              "client_id": "64395583645-hulevm2km9vou5vkgteqjsnu2g8q13bi.apps.googleusercontent.com",
              "client_type": 3
            }
          ]
        }
      }
    }
  ],
  "configuration_version": "1"
}